2 Guns,Universal,R,2013
90 Minutes In Heaven,Universal,PG-13,2015
Adele: The Story So Far,Collector's Forum,NR,2016
Alfred's Kid's Guitar Course Complete: The Easiest Guitar Method Ever!,Alfred Publishing,NR,2016
Ambush Bay,Kino Lorber Studio Classics,NR,1966
Ambush Bay,MGM/UA,NR,1966
"American Horror Project, Vol. 1: Witch Who Came From The Sea / Malatesta's Carnival Of Blood / Premonition",Arrow,VAR,VAR
Amos & Andrew,Olive Films,PG-13,1993
Assassin,Asian Crush,NR,2011
Bad To The Jones,Garco Pictures,NR,2011
Beachhead,Kino Lorber Studio Classics,NR,1954
Beachhead,MGM/UA,NR,1954
Beat Street,MGM/UA,PG,1984
Beat Street,Olive Films,PG,1984
Being Canadian,Passion River,NR,2015
Belleville-Tokyo,Asian Crush,NR,2010
Belwin's 21st Century Guitar Method 1: The Most Complete Guitar Course Available,Alfred Publishing,NR,2016
Bigfoot Vs. Zombies,Wild Eye Releasing,NR,2016
Blade Of Fury,Tai Seng,NR,1993
Blade Of Fury,Warner Brothers Digital Dist.,NR,1993
Bone Tomahawk,Image,NR,2015
Break Point,Broad Green Pictures,R,2014
Breathe,Urban Home Entertainment,NR,2011
Breathe,Film Movement,NR,2014
Bulletproof,Universal,R,1996
Cannibal Women In The Avocado Jungle Of Death,Cult Video,R,1989
Cannibal Women In The Avocado Jungle Of Death,Full Moon,PG-13,1989
Celtic Woman: Destiny: Live In Concert,Manhattan Records,NR,2016
Chi-Raq,Lions Gate,R,2015
CHiPs: The Complete 4th Season,Warner Brothers,NR,1980
Class,MGM/UA,R,1983
Class / Johnny Be Good / Making The Grade,MGM/UA,R,VAR
Class / Secret Admirer,MGM/UA,R,VAR
Class / Youngblood,MGM/UA,R,VAR
Class,Olive Films,R,1983
Code 46,MGM/UA,R,2003
Code 46,Olive Films,R,2003
Conspiracy Chronicles: The Illuminati,World Wide Multi Media,NR,2016
Coquelicots,Indie Crush,NR,2007
Countess Dracula,Synapse,PG,1971
Criminal Activities,Image,NR,2015
Crisis Call,Urban Home Entertainment,NR,2015
Curse Of The Faceless Man,Cheezy Flicks,NR,1958
Curse Of The Faceless Man,Kino Lorber Studio Classics,NR,1958
Curse Of The Faceless Man,MGM/UA,NR,1958
Deborah Hay's Turn Your F^*king Head,Routledge,NR,2014
Delirious,Kino Lorber Studio Classics,PG,1991
Delirious,MGM/UA,PG,1991
Difret,Passion River,NR,2014
Disaster Playground,Kino Lorber,NR,2015
Doctor Who: The Husbands of River Song,BBC Home Video,NR,2005
Dragon Ball Z: Bardock: The Father Of Goku / The History Of Trunks,FUNimation,MA13,VAR
Eden Of The East: King Of Eden,FUNimation,MA17,2009
Eden Of The East: Paradise Lost,FUNimation,MA17,2010
Edge Of Seventeen,Strand,NR,1998
Edge Of Seventeen,Strand,R,1998
Eureka: Season 4,Universal,NR,2010
Eureka: Season 5: The Final Season,Universal,NR,2011
Evidence-Based Practices For Children With Autism Spectrum Disorders,Routledge,NR,2013
F1 2015 Official Review,Duke Video,NR,2015
Falling Skies: The Complete 5th Season,Warner Brothers,NR,2015
Falling Skies: The Complete Series,Warner Brothers,NR,VAR
Flowers,Music Box Films,NR,2014
Flowers,Unearthed Films,NR,2015
Free!: Season 2: Eternal Summer + OVA,FUNimation,MA13,2014
Ga-Rei-Zero: Complete Series,FUNimation,MA17,2008
Ghost In The Shell: Arise: Border 2,FUNimation,MA17,2013
Gorp,Kino Lorber Studio Classics,R,1980
Guess What!: Level 3: Presentation Plus: British English,Cambridge University Press,NR,2015
Guess What!: Level 4: Presentation Plus: British English,Cambridge University Press,NR,2015
"Gumby Show: The '60s Series , Vol. 1",NCircle Entertainment,NR,VAR
Gumby Show: The Complete Series,NCircle Entertainment,NR,VAR
Hands Of The Ripper,Synapse,R,1971
Headshots,Indie Crush,NR,2010
Heist,Lions Gate,R,2015
Heroes Behind The Badge,Modern City Entertainment,NR,2012
Heroes Behind The Badge: Sacrifice & Survival,Modern City Entertainment,NR,2013
Highway To Hell,Kino Lorber Studio Classics,R,1991
Hitler's Children,Warner Brothers Digital Dist.,NR,1943
Hitler's Children,Film Movement,NR,2011
Hitler's Madman,Warner Brothers Digital Dist.,NR,1943
Hitman: Agent 47,Fox,R,2015
Hot Water,Indican Pictures,NR,2015
Hotel Housekeeping: Operations And Management,Oxford University Press,NR,2016
House Of Afflictions,Wild Eye Releasing,NR,2014
How To Beat A Bully,Indie Rights,NR,2015
How To Eat Your Watermelon In White Company [And Enjoy It],Music Box Films,NR,2005
I Smile Back,Broad Green Pictures,R,2015
I'm Gonna Git You Sucka,Kino Lorber Studio Classics,R,1988
I'm Gonna Git You Sucka,MGM/UA,R,1988
If These Bricks Could Talk,University of New Orleans,NR,2016
In The Heart Of The Sea,Warner Brothers,PG-13,2015
Insane,Brink,NR,2015
Inside Man,Universal,R,2006
Intern,Warner Brothers,PG-13,2015
Is This A Zombie?: The Complete 1st Season,FUNimation,MA17,2011
Is This A Zombie?: The Complete 2nd Season,FUNimation,MA17,2012
It Happened In New Orleans,Grapevine Video,NR,1936
Jam: About The Young Idea,Eagle Vision,NR,2015
Jenny's Wedding,IFC,PG-13,2015
John Adams,HBO,NR,2008
Kameleon,Summer Hill Films,NR,2008
Ladies Of The German Cinema: Sappho / Backstairs,Grapevine Video,NR,1921
Lady In The Van,Sony Pictures,PG-13,2015
Lawman: The Complete 3rd Season,Warner Brothers Digital Dist.,NR,1960
Learn To Crochet Basic Hats Class: With Instructor Rohn Strong,Annie's Attic,NR,2016
Learn To Crochet Socks Class: With Instructor Rohn Strong,Annie's Attic,NR,2016
LEGO Ninjago: Masters Of Spinjitzu: Season 5: Possession,Warner Brothers,NR,2015
Lord Marksman And Vanadis: Complete Series,FUNimation,MA17,2014
Lost Paradise,Tai Seng,NR,1997
Lost Paradise,Indie Crush,NR,2012
Love Fiction,Asian Crush,NR,2012
Lover's Concerto,Asian Crush,NR,2002
Magilla Gorilla And Friends,Warner Brothers,NR,VAR
Mega Sports Camp Epic Moments Starter Kit,Salubris Resources,NR,2016
Miami Vice,Universal,UR,2006
Mind Of Her Own,Shami Production,NR,2006
Mistress America,Fox,R,2015
Moonlight And Valentino,MGM/UA,R,1995
Moonlight And Valentino,Olive Films,R,1995
Motocross Of Nations 2015,Duke Video,NR,2015
MotoGP Review 2015,Duke Video,NR,2015
My Little Bride,Asian Crush,NR,2004
Mystery Date,MGM/UA,PG-13,1991
Mystery Date,Olive Films,PG-13,1991
Nexos,Heinle,NR,2016
Night Before,Sony Pictures,R,2015
Nova: Dawn Of Humanity,PBS,NR,2015
Nutty Professor,Universal,PG-13,1996
Pancreatic Cytohistology,Cambridge University Press,NR,2015
Paper Soldiers,Universal,R,2002
Peanutes: Charlie Brown And Friends,Warner Brothers,NR,VAR
Peanuts Movie,Fox,G,2015
Peanuts: A Charlie Brown Christmas,Warner Brothers,NR,1965
Perfect Guy,Sony Pictures,PG-13,2015
Psychedelic Drug Treatments,Mercury Learning & Information,NR,2012
Quick Minds: Level 6 Digital Minds,Cambridge University Press,NR,2015
Quick Minds: Level 6 Test Generator,Cambridge University Press,NR,2015
R.I.P.D,Universal,PG-13,2013
Rastafari: A Universal Philosophy In The Third Milennium.,Lit Verlag,NR,2012
Ray Donovan: The 3rd Season,Paramount,NR,2015
Resilient Life,Thomas Nelson,NR,2009
Ride Along,Universal,PG-13,2014
Role Models,Universal,R/UR,2008
Rundown,Universal,PG-13,2003
"Sailor Moon R: Season 2, Part 2",Viz Entertainment,MA13,1994
Scream In The Night,Alpha Video,NR,1935
Scream In The Night,Grapevine Video,NR,1935
Shameless: The Complete 5th Season,Warner Brothers,NR,2015
Some Kind Of Hate,Image,NR,2015
"Sylvester And Friends, Vol. 1",Warner Brothers,NR,VAR
Tower Heist,Universal,PG-13,2011
Tracy Anderson: Cardio Dance Express,Anchor Bay,NR,2015
Tracy Anderson: Targeted Training Boot Camp,Anchor Bay,NR,2015
Undercover Brother,Universal,PG-13,2002
Vatikanische Schatze: Kunst Und Glaube,Schnell & Steiner,NR,2015
Walk In The Woods,Broad Green Pictures,R,2015